cost,snv,cna
1405.3380228853493,1405.3380228853493,0
